did	when	nextofkin

PMC10139839		
PMC10141583		
PMC10072986		
PMC10068308		
PMC10050949		
PMC10032223		
PMC10127500		
PMC10126644		
PMC10132529		
PMC10132524		
PMC10128070		
PMC10131405		
PMC10128980		
PMC9834142		
PMC9807496		
PMC9648800		
PMC9478432		
PMC8777193		
PMC8753341		
PMC8727064		
PMC9569037		
PMC9520530		
PMC8941681		
PMC8734432		
PMC8685647		
PMC8558872		
PMC8561624		
PMC9042402		
PMC8548066		
PMC8548068		
PMC8458689		
PMC8458690		
PMC8458688		
PMC8385188		
PMC8385189		
PMC8385186		
PMC8350428		
PMC8350429		
PMC8319489		
PMC8319488		
PMC8243333		
PMC8220370		
PMC8188171		
PMC8188168		
PMC8188170		
PMC8188172		
PMC8188169		
PMC8188166		
PMC8188167		
PMC8188165		
PMC8698148		
PMC8694664		
PMC8694656		
PMC8694665		
PMC9839437		
PMC8670308		
PMC8610073		
PMC8601111		
PMC8597573		
PMC8582346		
PMC8565919		
PMC8543675		
PMC8409279		
PMC8406711		
PMC8238749		
PMC8233044		
PMC8226428		
PMC8127137		
PMC8078425		
PMC8078298		
PMC8580283		
PMC8518295		
PMC8504573		
PMC8407363		
PMC8253168		
PMC8220495		
PMC8174091		
PMC8147744		
PMC8141961		
PMC8697563		
PMC8610075		
PMC8608381		
PMC8597675		
PMC8594935		
PMC8568313		
PMC8562874		
PMC8409538		
PMC8406823		
PMC8238754		
PMC8237158		
PMC8226430		
PMC8147138		
PMC8078536		
PMC8078199		
PMC8078586		
PMC8078148		
PMC8568386		
PMC8568336		
PMC8565920		
PMC8559435		
PMC8454627		
PMC8409539		
PMC8407367		
PMC8406952		
PMC8388214		
PMC8261912		
PMC8202558		
PMC8129629		
PMC8078573		
PMC8078189		
PMC8715903		
PMC8654066		
PMC8608379		
PMC8597941		
PMC8597566		
PMC8570323		
PMC8562876		
PMC8510843		
PMC8407340		
PMC8226432		
PMC8226427		
PMC8078193		
PMC8687457		
PMC8601655		
PMC8582639		
PMC8127554		
PMC8033651		
PMC8715902		
PMC8612307		
PMC8608380		
PMC8597940		
PMC8594934		
PMC8568312		
PMC8562873		
PMC8502795		
PMC8410132		
PMC8406916		
PMC8226431		
PMC8226426		
PMC8212858		
PMC8136268		
PMC8129630		
PMC8078151		
PMC8078149		
PMC8559980		
PMC8454630		
PMC8189346		
PMC8129628		
PMC8078572		
PMC7812247		
PMC9839436		
PMC9839438		
PMC8671043		
PMC8610074		
PMC8607998		
PMC8597942		
PMC8592125		
PMC8565921		
PMC8562872		
PMC8409537		
PMC8406799		
PMC8238750		
PMC8226429		
PMC8078492		
PMC8078585		
PMC8078559		
PMC8078173		
PMC8078493		
PMC8504574		
PMC8453479		
PMC8409801		
PMC8409155		
PMC8174092		
PMC8129627		
PMC8127533		
PMC7812264		
PMC8354816		
PMC7569979		
PMC7406017		
PMC7250183		
PMC7214698		
PMC7181209		
PMC8011342		
PMC7144489		
PMC7167365		
PMC7748660		
PMC7391293		
PMC7388295		
PMC7390440		
PMC7389884		
PMC7177208		
PMC7105251		
PMC7386754		
PMC7390188		
PMC6957025		
PMC7389257		
PMC7388769		
PMC7390488		
PMC7205410		
PMC7105247		
PMC7100569		
PMC7096164		
PMC7083264		
PMC7077934		
PMC7066936		
PMC7065524		
PMC7390279		
PMC7389141		
PMC7387114		
PMC7185798		
PMC7105246		
PMC7094796		
PMC6984617		
PMC7391496		
PMC7390439		
PMC7192060		
PMC7189638		
PMC7173700		
PMC6957220		
PMC7390187		
PMC6999798		
PMC7748535		
PMC7939403		
PMC7707473		
PMC6786976		
PMC6546064		
PMC6482990		
PMC6863105		
PMC6999880		
PMC6655184		
PMC6655180		
PMC6655183		
PMC6839980		
PMC6655182		
PMC6452786		
PMC6596241		
PMC5829480		
PMC5829488		
PMC5829481		
PMC6188103		
PMC6494583		
PMC5641914		
PMC5458326		
PMC5326979		
PMC5349008		
PMC5551345		
PMC5467401		
PMC5626350		
PMC5349007		
PMC5349009		
PMC5279117		
PMC7661035		
PMC5095860		
PMC5050788		
PMC5120726		
PMC5111821		
PMC5120725		
PMC4750666		
PMC5105281		
PMC5023836		
PMC5080494		
PMC4722709		
PMC2206002		
PMC4649214		
PMC4595962		
PMC4595956		
PMC4762620		
PMC4277200		
PMC4399747		
PMC4075166		
PMC4419608		
PMC4897526		
PMC4897475		
PMC4897225		
PMC9645776		
PMC9645778		
PMC3696256		
PMC4115888		
PMC3436253		
PMC3370226		
PMC3069246		
PMC6665587		
PMC6671722		
PMC9645781		
PMC9645780		
PMC2465232		
PMC1315718		
PMC544461		
PMC2172595		
PMC8158559		
PMC6148676		
PMC2001301		
